{"stats":{"minecraft:picked_up":{"minecraft:pink_petals":7,"minecraft:wheat_seeds":1},"minecraft:killed_by":{"minecraft:skeleton":1},"minecraft:custom":{"minecraft:jump":63,"minecraft:time_since_rest":2430,"minecraft:leave_game":1,"minecraft:damage_dealt":19,"minecraft:deaths":1,"minecraft:sprint_one_cm":6541,"minecraft:play_time":11120,"minecraft:damage_taken":230,"minecraft:time_since_death":0,"minecraft:walk_one_cm":1847,"minecraft:total_world_time":11120,"minecraft:drop":8,"minecraft:fall_one_cm":2893,"minecraft:fly_one_cm":16603},"minecraft:dropped":{"minecraft:pink_petals":7,"minecraft:wheat_seeds":1},"minecraft:mined":{"minecraft:pink_petals":1,"minecraft:grass":9}},"DataVersion":3465}