{"stats":{"minecraft:dropped":{"minecraft:cobblestone":64,"minecraft:granite":4,"minecraft:diorite":1,"minecraft:iron_door":2,"various_world:crystalic_oak_door":1,"minecraft:bamboo":2,"minecraft:stone_pickaxe":1},"minecraft:custom":{"minecraft:mob_kills":50,"minecraft:interact_with_crafting_table":35,"minecraft:open_barrel":1,"minecraft:damage_dealt_resisted":40,"minecraft:eat_cake_slice":3,"minecraft:leave_game":4,"minecraft:time_since_death":173220,"minecraft:climb_one_cm":5244,"minecraft:sprint_one_cm":394815,"minecraft:walk_one_cm":388678,"minecraft:drop":9,"minecraft:talked_to_villager":5,"minecraft:play_time":173220,"minecraft:sneak_time":3492,"minecraft:walk_under_water_one_cm":8804,"minecraft:jump":2303,"minecraft:walk_on_water_one_cm":35852,"minecraft:total_world_time":173220,"minecraft:interact_with_furnace":48,"minecraft:sleep_in_bed":8,"minecraft:time_since_rest":48264,"minecraft:damage_taken":922,"minecraft:damage_dealt":5382,"minecraft:swim_one_cm":107302,"minecraft:fly_one_cm":683172,"minecraft:open_chest":90,"minecraft:crouch_one_cm":7690,"minecraft:fall_one_cm":48385,"minecraft:horse_one_cm":990},"minecraft:picked_up":{"minecraft:crafting_table":3,"simplefarming:pea_seeds":1,"minecraft:wheat":14,"crystalcraft_unlimited_java:flourite":3,"crystalcraft_unlimited_java:iolite":3,"minecraft:chicken":4,"minecraft:flower_pot":2,"various_world:disenchant_table":1,"various_world:crystalic_grass":92,"various_world:crystalshard":19,"minecraft:chain":1,"crystalcraft_unlimited_java:turquoise":2,"various_world:darkshard":2,"minecraft:string":34,"crystalcraft_unlimited_java:opal":2,"various_world:gneiss_bricks":1,"minecraft:cobbled_deepslate":64,"minecraft:beef":25,"various_world:crystalic_oak_door":2,"various_world:crystalic_stick":3,"minecraft:iron_pickaxe":1,"minecraft:melon_slice":51,"minecraft:birch_sapling":1,"minecraft:piston":1,"minecraft:dark_oak_door":5,"minecraft:furnace":1,"minecraft:egg":2,"minecraft:dark_oak_sapling":2,"minecraft:stick":4,"minecraft:raw_iron":16,"various_world:fury_scales":2,"crystalcraft_unlimited_java:raw_iridium":3,"minecraft:oak_fence":1,"minecraft:torch":12,"crystalcraft_unlimited_java:rare_tanzanite":1,"minecraft:porkchop":8,"minecraft:diorite":17,"crystalcraft_unlimited_java:amethyst":3,"minecraft:stone_pressure_plate":1,"minecraft:dark_oak_planks":67,"various_world:crystalic_oak_sapling":6,"minecraft:arrow":4,"minecraft:pumpkin_pie":2,"minecraft:hay_block":17,"crystalcraft_unlimited_java:peacock_topaz":3,"minecraft:mutton":19,"minecraft:white_wool":9,"minecraft:cobblestone":353,"crystalcraft_unlimited_java:raw_lead":3,"various_world:crystalic_oak_wood":1,"minecraft:muddy_mangrove_roots":2,"crystalcraft_unlimited_java:black_opal":1,"minecraft:feather":9,"minecraft:iron_door":3,"minecraft:leather":10,"minecraft:potato":3,"minecraft:oak_log":144,"minecraft:yellow_bed":1,"minecraft:gunpowder":3,"crystalcraft_unlimited_java:matizium":2,"minecraft:dirt":2,"minecraft:lantern":1,"crystalcraft_unlimited_java:grandidierite":5,"minecraft:cooked_mutton":1,"crystalcraft_unlimited_java:aquamarine":1,"minecraft:kelp":1,"various_world:crystalic_oak_planks":2,"minecraft:wheat_seeds":35,"minecraft:stone_pickaxe":1,"simplefarming:blueberry_bush":3,"minecraft:glowstone_dust":3,"crystalcraft_unlimited_java:cyan_emerald":2,"minecraft:bamboo":2,"crystalcraft_unlimited_java:chrysolite":1,"minecraft:oak_planks":9,"crystalcraft_unlimited_java:stibnite":8,"various_world:crystalic_oak_log":30,"minecraft:book":51,"hmag:soul_powder":2,"crystalcraft_unlimited_java:raw_silver":2,"simplefarming:blueberries":9,"minecraft:sand":421,"crystalcraft_unlimited_java:peacock_ore":1,"crystalcraft_unlimited_java:ammolite":4,"minecraft:white_bed":1,"minecraft:dark_oak_log":32,"minecraft:mossy_cobblestone":14,"minecraft:soul_lantern":1,"minecraft:granite":6,"minecraft:gray_wool":1,"minecraft:emerald":1,"mowziesmobs:umvuthana_mask_fear":1,"minecraft:dark_oak_fence":1,"minecraft:oak_sapling":7,"minecraft:black_wool":1,"minecraft:coal":93},"minecraft:broken":{"minecraft:iron_shovel":1,"minecraft:stone_pickaxe":2,"minecraft:stone_axe":2,"minecraft:wooden_axe":1},"minecraft:killed":{"minecraft:spider":2,"minecraft:skeleton":2,"minecraft:chicken":5,"various_world:zany_viler_witch":1,"hmag:ghost":2,"minecraft:pig":4,"mowziesmobs:umvuthana_follower_raptor":4,"minecraft:creeper":2,"minecraft:sheep":12,"mowziesmobs:umvuthana_raptor":1,"minecraft:cow":15},"minecraft:used":{"minecraft:stone_sword":43,"minecraft:iron_shovel":423,"minecraft:stone_shovel":94,"minecraft:chest":4,"minecraft:torch":76,"simplefarming:blueberries":3,"minecraft:dark_oak_planks":81,"minecraft:glass":173,"minecraft:wooden_axe":51,"minecraft:hay_block":4,"minecraft:furnace":4,"minecraft:egg":2,"minecraft:cooked_beef":2,"minecraft:cooked_mutton":7,"crystalcraft_unlimited_java:matizium_sword":67,"minecraft:stone_pickaxe":453,"minecraft:oak_planks":327,"various_world:crystalic_grass":28,"minecraft:wooden_pickaxe":41,"crystalcraft_unlimited_java:iridium_pickaxe":25,"minecraft:sand":1,"minecraft:crafting_table":4,"minecraft:white_bed":2,"minecraft:dark_oak_door":7,"minecraft:piston":1,"minecraft:flower_pot":1,"various_world:crystalic_oak_planks":2,"minecraft:dark_oak_log":3,"minecraft:string":1,"minecraft:bread":19,"minecraft:iron_pickaxe":162,"minecraft:stone_axe":345,"minecraft:cobblestone":25,"minecraft:experience_bottle":16},"minecraft:crafted":{"minecraft:oak_planks":508,"minecraft:stone_shovel":1,"minecraft:iron_nugget":9,"minecraft:dark_oak_wood":3,"minecraft:furnace":3,"minecraft:cooked_mutton":9,"minecraft:glass":173,"minecraft:dark_oak_door":3,"minecraft:iron_boots":1,"crystalcraft_unlimited_java:matizium_sword":1,"minecraft:stone_pickaxe":6,"minecraft:chest":4,"crystalcraft_unlimited_java:stibnite_armor_chestplate":1,"minecraft:dark_oak_planks":112,"minecraft:cooked_beef":5,"crystalcraft_unlimited_java:iridium":3,"minecraft:crafting_table":1,"minecraft:wooden_pickaxe":1,"minecraft:stone_axe":4,"minecraft:air":0,"minecraft:stick":88,"crystalcraft_unlimited_java:iron_stick":3,"minecraft:iron_ingot":16,"minecraft:wooden_axe":1,"minecraft:stone_sword":1,"various_world:crystalic_oak_planks":96,"minecraft:iron_shovel":2,"minecraft:iron_leggings":1,"minecraft:white_bed":1,"minecraft:torch":168,"crystalcraft_unlimited_java:iridium_pickaxe":1},"minecraft:mined":{"minecraft:dark_oak_planks":74,"minecraft:stone_pressure_plate":1,"minecraft:white_bed":1,"crystalcraft_unlimited_java:deepslate_ametyst_ore":3,"various_world:crystalic_oak_door":1,"minecraft:mossy_cobblestone":15,"minecraft:dark_oak_leaves":9,"crystalcraft_unlimited_java:deepslate_grand_ore":2,"minecraft:dark_oak_log":35,"crystalcraft_unlimited_java:opal_ore":2,"minecraft:granite":6,"minecraft:dark_oak_fence":1,"crystalcraft_unlimited_java:rare_tanzanite_ore":1,"minecraft:grass_block":2,"various_world:crystalic_grass":95,"various_world:disenchant_table":1,"minecraft:potted_bamboo":2,"crystalcraft_unlimited_java:iolite_ore":3,"minecraft:hay_block":17,"crystalcraft_unlimited_java:turquoise_ore":2,"minecraft:furnace":1,"crystalcraft_unlimited_java:peacock_ore_block":1,"minecraft:iron_ore":16,"minecraft:andesite":1,"crystalcraft_unlimited_java:grandidierite_ore":3,"minecraft:bookshelf":17,"minecraft:potatoes":3,"minecraft:vine":1,"minecraft:lantern":1,"crystalcraft_unlimited_java:jade_ore":1,"minecraft:stone":376,"various_world:crystalic_oak_planks":2,"crystalcraft_unlimited_java:matizium_ore":2,"simplefarming:blueberry_bush":3,"crystalcraft_unlimited_java:silver_ore":2,"minecraft:tripwire":1,"crystalcraft_unlimited_java:flourite_ore":3,"crystalcraft_unlimited_java:chrysolite_ore":1,"crystalcraft_unlimited_java:peacock_topaz_ore":3,"minecraft:soul_lantern":1,"minecraft:oak_fence":1,"minecraft:crafting_table":3,"minecraft:torch":4,"minecraft:cyan_stained_glass_pane":1,"minecraft:melon":11,"minecraft:glass":9,"minecraft:tall_grass":2,"minecraft:cobblestone":2,"various_world:crystalic_oak_wood":2,"minecraft:oak_planks":9,"crystalcraft_unlimited_java:cyan_emerald_ore":2,"minecraft:diorite":19,"minecraft:iron_door":1,"crystalcraft_unlimited_java:stibnite_ore":8,"minecraft:wall_torch":7,"minecraft:chain":1,"crystalcraft_unlimited_java:iridium_ore":3,"crystalcraft_unlimited_java:deepslate_ammolite_ore":4,"minecraft:dark_oak_door":3,"crystalcraft_unlimited_java:alexandrite_ore":1,"crystalcraft_unlimited_java:lead_ore":3,"crystalcraft_unlimited_java:aquamarine_ore":1,"minecraft:wheat":19,"various_world:crystalic_oak_log":30,"minecraft:birch_leaves":2,"minecraft:yellow_bed":1,"crystalcraft_unlimited_java:black_opal_ore":1,"minecraft:grass":20,"minecraft:oak_log":129,"minecraft:coal_ore":82,"various_world:crystal_leaves":17,"various_world:gneiss_bricks":1,"minecraft:sand":424,"minecraft:cobweb":30,"minecraft:piston":1,"minecraft:oak_leaves":44,"minecraft:deepslate":65}},"DataVersion":3465}