{"stats":{"minecraft:used":{"minecraft:cooked_mutton":7,"minecraft:stone_sword":39,"minecraft:stone_shovel":94,"minecraft:stone_pickaxe":377,"minecraft:oak_planks":276,"various_world:crystalic_grass":28,"minecraft:chest":4,"minecraft:wooden_pickaxe":41,"minecraft:torch":33,"minecraft:sand":1,"minecraft:crafting_table":4,"minecraft:white_bed":2,"simplefarming:blueberries":3,"minecraft:dark_oak_door":7,"minecraft:piston":1,"minecraft:wooden_axe":51,"minecraft:dark_oak_planks":81,"minecraft:flower_pot":1,"various_world:crystalic_oak_planks":2,"minecraft:dark_oak_log":3,"minecraft:bread":3,"minecraft:string":1,"minecraft:stone_axe":341,"minecraft:hay_block":4,"minecraft:furnace":2,"minecraft:experience_bottle":15},"minecraft:dropped":{"minecraft:iron_door":2,"minecraft:bamboo":2},"minecraft:killed":{"minecraft:sheep":5,"minecraft:chicken":2,"minecraft:cow":2},"minecraft:crafted":{"minecraft:oak_planks":508,"minecraft:stone_shovel":1,"minecraft:crafting_table":1,"minecraft:wooden_pickaxe":1,"minecraft:dark_oak_wood":3,"minecraft:furnace":1,"minecraft:stone_axe":4,"minecraft:air":0,"minecraft:cooked_mutton":9,"minecraft:dark_oak_door":3,"minecraft:iron_ingot":1,"minecraft:stick":88,"minecraft:stone_pickaxe":6,"minecraft:wooden_axe":1,"minecraft:stone_sword":1,"minecraft:chest":4,"various_world:crystalic_oak_planks":96,"minecraft:white_bed":1,"minecraft:dark_oak_planks":112,"minecraft:torch":168},"minecraft:mined":{"minecraft:dark_oak_planks":74,"minecraft:stone_pressure_plate":1,"minecraft:white_bed":1,"minecraft:mossy_cobblestone":15,"minecraft:dark_oak_leaves":9,"minecraft:dark_oak_log":35,"minecraft:torch":1,"minecraft:oak_fence":1,"minecraft:crafting_table":3,"minecraft:cyan_stained_glass_pane":1,"minecraft:granite":2,"minecraft:grass_block":2,"minecraft:melon":11,"various_world:crystalic_grass":95,"minecraft:diorite":14,"various_world:crystalic_oak_wood":2,"minecraft:potted_bamboo":2,"minecraft:oak_planks":6,"minecraft:iron_door":1,"minecraft:hay_block":17,"minecraft:chain":1,"minecraft:furnace":1,"minecraft:dark_oak_door":3,"minecraft:iron_ore":1,"minecraft:wheat":19,"various_world:crystalic_oak_log":30,"minecraft:birch_leaves":2,"minecraft:yellow_bed":1,"minecraft:grass":5,"minecraft:potatoes":3,"minecraft:bookshelf":17,"minecraft:oak_log":129,"minecraft:coal_ore":68,"various_world:crystal_leaves":12,"minecraft:vine":1,"various_world:gneiss_bricks":1,"minecraft:lantern":1,"minecraft:sand":1,"minecraft:cobweb":30,"minecraft:stone":283,"minecraft:piston":1,"minecraft:tripwire":1,"minecraft:oak_leaves":42,"simplefarming:blueberry_bush":3,"various_world:crystalic_oak_planks":2},"minecraft:custom":{"minecraft:interact_with_furnace":19,"minecraft:mob_kills":9,"minecraft:interact_with_crafting_table":25,"minecraft:eat_cake_slice":3,"minecraft:leave_game":2,"minecraft:time_since_death":84866,"minecraft:sleep_in_bed":5,"minecraft:climb_one_cm":2505,"minecraft:time_since_rest":5977,"minecraft:sprint_one_cm":175074,"minecraft:damage_taken":380,"minecraft:walk_one_cm":222164,"minecraft:drop":4,"minecraft:damage_dealt":700,"minecraft:play_time":84866,"minecraft:swim_one_cm":21370,"minecraft:talked_to_villager":5,"minecraft:fly_one_cm":406217,"minecraft:open_chest":48,"minecraft:crouch_one_cm":3691,"minecraft:sneak_time":2023,"minecraft:walk_under_water_one_cm":2352,"minecraft:jump":1075,"minecraft:walk_on_water_one_cm":6245,"minecraft:fall_one_cm":19159,"minecraft:total_world_time":84866,"minecraft:horse_one_cm":990},"minecraft:picked_up":{"various_world:crystalic_oak_wood":1,"minecraft:crafting_table":3,"simplefarming:pea_seeds":1,"minecraft:wheat":14,"minecraft:muddy_mangrove_roots":2,"minecraft:feather":1,"minecraft:flower_pot":2,"minecraft:chicken":2,"minecraft:iron_door":3,"various_world:crystalshard":19,"various_world:crystalic_grass":92,"minecraft:potato":3,"minecraft:oak_log":144,"minecraft:chain":1,"minecraft:yellow_bed":1,"various_world:darkshard":2,"minecraft:string":30,"minecraft:dirt":2,"various_world:gneiss_bricks":1,"minecraft:lantern":1,"minecraft:cooked_mutton":1,"various_world:crystalic_oak_planks":2,"minecraft:wheat_seeds":33,"minecraft:beef":5,"simplefarming:blueberry_bush":3,"various_world:crystalic_stick":3,"minecraft:iron_pickaxe":1,"minecraft:bamboo":2,"minecraft:oak_planks":6,"minecraft:melon_slice":51,"minecraft:birch_sapling":1,"minecraft:piston":1,"various_world:crystalic_oak_log":30,"minecraft:furnace":1,"minecraft:book":51,"minecraft:dark_oak_door":5,"minecraft:dark_oak_sapling":2,"minecraft:stick":3,"minecraft:raw_iron":1,"minecraft:torch":2,"minecraft:oak_fence":1,"simplefarming:blueberries":7,"minecraft:sand":1,"minecraft:diorite":14,"minecraft:white_bed":1,"minecraft:dark_oak_log":32,"minecraft:mossy_cobblestone":14,"minecraft:stone_pressure_plate":1,"minecraft:dark_oak_planks":67,"various_world:crystalic_oak_sapling":6,"minecraft:pumpkin_pie":2,"minecraft:hay_block":17,"minecraft:granite":2,"minecraft:gray_wool":1,"minecraft:emerald":1,"minecraft:oak_sapling":7,"minecraft:black_wool":1,"minecraft:mutton":10,"minecraft:coal":79,"minecraft:white_wool":3,"minecraft:cobblestone":263},"minecraft:broken":{"minecraft:stone_pickaxe":2,"minecraft:stone_axe":2,"minecraft:wooden_axe":1}},"DataVersion":3465}