{"stats":{"minecraft:custom":{"minecraft:mob_kills":52,"minecraft:interact_with_crafting_table":38,"minecraft:open_barrel":1,"minecraft:damage_dealt_resisted":40,"minecraft:eat_cake_slice":3,"minecraft:leave_game":7,"minecraft:time_since_death":214959,"minecraft:climb_one_cm":5244,"minecraft:sprint_one_cm":443477,"minecraft:walk_one_cm":472126,"minecraft:drop":14,"minecraft:talked_to_villager":5,"minecraft:play_time":214959,"minecraft:sneak_time":5094,"minecraft:walk_under_water_one_cm":9305,"minecraft:jump":2538,"minecraft:interact_with_furnace":66,"minecraft:walk_on_water_one_cm":37311,"minecraft:total_world_time":214959,"minecraft:sleep_in_bed":9,"minecraft:time_since_rest":31868,"minecraft:damage_taken":944,"minecraft:damage_dealt":5782,"minecraft:swim_one_cm":107302,"minecraft:fly_one_cm":721662,"minecraft:open_chest":126,"minecraft:crouch_one_cm":10720,"minecraft:fall_one_cm":50715,"minecraft:horse_one_cm":990},"minecraft:mined":{"minecraft:dark_oak_planks":74,"crystalcraft_unlimited_java:topaz_ore":1,"crystalcraft_unlimited_java:amazonite_ore":2,"crystalcraft_unlimited_java:deepslate_grand_ore":3,"minecraft:white_bed":2,"minecraft:stone_pressure_plate":1,"crystalcraft_unlimited_java:deepslate_ametyst_ore":3,"minecraft:dark_oak_leaves":9,"crystalcraft_unlimited_java:ametrine_ore":2,"various_world:crystalic_oak_door":1,"minecraft:mossy_cobblestone":15,"crystalcraft_unlimited_java:rose_quartz_ore":1,"minecraft:dark_oak_log":35,"crystalcraft_unlimited_java:chrome_ore":1,"crystalcraft_unlimited_java:opal_ore":4,"minecraft:granite":19,"minecraft:dark_oak_fence":1,"crystalcraft_unlimited_java:rare_tanzanite_ore":2,"crystalcraft_unlimited_java:silicium_ore":1,"crystalcraft_unlimited_java:indigolite_ore":1,"minecraft:grass_block":2,"crystalcraft_unlimited_java:smoky_quartz_ore":1,"crystalcraft_unlimited_java:sardonyx_ore":2,"crystalcraft_unlimited_java:chalcanthite_ore":2,"various_world:crystalic_grass":95,"various_world:disenchant_table":2,"minecraft:potted_bamboo":2,"crystalcraft_unlimited_java:iolite_ore":3,"crystalcraft_unlimited_java:deepslate_citrine_ore":2,"crystalcraft_unlimited_java:ruby_ore":1,"minecraft:hay_block":17,"crystalcraft_unlimited_java:turquoise_ore":2,"minecraft:redstone_ore":3,"minecraft:furnace":1,"minecraft:iron_ore":34,"randomore:deepslate_random_ore":2,"travelersbackpack:chicken":1,"crystalcraft_unlimited_java:peacock_ore_block":1,"minecraft:andesite":69,"crystalcraft_unlimited_java:pink_ruby_ore":1,"crystalcraft_unlimited_java:grandidierite_ore":5,"crystalcraft_unlimited_java:sapphire_ore":2,"crystalcraft_unlimited_java:tungsten_ore":4,"crystalcraft_unlimited_java:rare_citrine_ore":2,"minecraft:bookshelf":17,"minecraft:potatoes":3,"crystalcraft_unlimited_java:prism_ore":2,"minecraft:deepslate_iron_ore":9,"minecraft:vine":1,"minecraft:lantern":1,"crystalcraft_unlimited_java:jade_ore":2,"crystalcraft_unlimited_java:amber_ore":2,"minecraft:stone":421,"crystalcraft_unlimited_java:ammolite_ore":4,"crystalcraft_unlimited_java:silver_ore":5,"minecraft:deepslate_redstone_ore":2,"various_world:crystalic_oak_planks":2,"crystalcraft_unlimited_java:sonoranite_ore":1,"crystalcraft_unlimited_java:rare_amethyst_ore":2,"crystalcraft_unlimited_java:flourite_ore":4,"simplefarming:blueberry_bush":3,"minecraft:tripwire":1,"crystalcraft_unlimited_java:matizium_ore":5,"crystalcraft_unlimited_java:uranium_ore":1,"crystalcraft_unlimited_java:chrysolite_ore":5,"crystalcraft_unlimited_java:peacock_topaz_ore":3,"crystalcraft_unlimited_java:deepslate_malachite_ore":1,"various_world:gneiss":3,"crystalcraft_unlimited_java:deepslate_amber_ore":4,"crystalcraft_unlimited_java:deepslate_magnesium_ore":7,"minecraft:soul_lantern":1,"minecraft:oak_fence":1,"minecraft:crafting_table":3,"crystalcraft_unlimited_java:deepslate_ruby_ore":5,"minecraft:torch":8,"minecraft:cyan_stained_glass_pane":1,"crystalcraft_unlimited_java:onyx_ore":3,"minecraft:melon":11,"minecraft:tall_grass":2,"minecraft:glass":9,"minecraft:oak_planks":9,"minecraft:cobblestone":6,"minecraft:lapis_ore":1,"various_world:crystalic_oak_wood":2,"crystalcraft_unlimited_java:deepslate_silver_ore":3,"minecraft:deepslate_gold_ore":15,"minecraft:iron_door":1,"crystalcraft_unlimited_java:cyan_emerald_ore":2,"minecraft:diorite":26,"crystalcraft_unlimited_java:stibnite_ore":8,"minecraft:wall_torch":8,"crystalcraft_unlimited_java:magnesium_ore":3,"minecraft:chain":1,"crystalcraft_unlimited_java:iridium_ore":3,"crystalcraft_unlimited_java:deepslate_ammolite_ore":4,"minecraft:dark_oak_door":3,"crystalcraft_unlimited_java:deepslate_sapphire_ore":1,"crystalcraft_unlimited_java:alexandrite_ore":1,"crystalcraft_unlimited_java:lead_ore":18,"crystalcraft_unlimited_java:aquamarine_ore":1,"minecraft:wheat":19,"various_world:crystalic_oak_log":30,"minecraft:birch_leaves":2,"minecraft:yellow_bed":1,"crystalcraft_unlimited_java:black_opal_ore":1,"minecraft:grass":20,"minecraft:coal_ore":88,"minecraft:oak_log":129,"crystalcraft_unlimited_java:deepslate_aquamarine_ore":1,"various_world:crystal_leaves":17,"various_world:gneiss_bricks":1,"crystalcraft_unlimited_java:jasper_ore":2,"minecraft:sand":424,"minecraft:cobweb":30,"crystalcraft_unlimited_java:aluminium_ore":3,"crystalcraft_unlimited_java:iris_agate_ore":1,"crystalcraft_unlimited_java:raspberry_diamond_ore":2,"minecraft:piston":1,"crystalcraft_unlimited_java:deepslate_ametrine_ore":3,"minecraft:oak_leaves":44,"minecraft:deepslate":148},"minecraft:killed":{"minecraft:spider":2,"minecraft:skeleton":3,"minecraft:chicken":5,"various_world:zany_viler_witch":1,"hmag:ghost":2,"minecraft:pig":4,"mowziesmobs:umvuthana_follower_raptor":4,"minecraft:creeper":3,"minecraft:sheep":12,"mowziesmobs:umvuthana_raptor":1,"minecraft:cow":15},"minecraft:picked_up":{"minecraft:crafting_table":3,"simplefarming:pea_seeds":1,"minecraft:wheat":14,"crystalcraft_unlimited_java:flourite":4,"crystalcraft_unlimited_java:iolite":3,"minecraft:chicken":4,"minecraft:flower_pot":2,"crystalcraft_unlimited_java:amber":2,"crystalcraft_unlimited_java:raw_silicon":1,"various_world:disenchant_table":2,"various_world:crystalshard":19,"various_world:crystalic_grass":92,"crystalcraft_unlimited_java:ruby":3,"crystalcraft_unlimited_java:jade":1,"minecraft:chain":1,"crystalcraft_unlimited_java:turquoise":2,"various_world:darkshard":2,"minecraft:string":34,"crystalcraft_unlimited_java:opal":4,"various_world:gneiss_bricks":1,"crystalcraft_unlimited_java:jasper":2,"minecraft:cobbled_deepslate":146,"minecraft:beef":25,"various_world:crystalic_oak_door":2,"various_world:crystalic_stick":3,"minecraft:iron_pickaxe":1,"crystalcraft_unlimited_java:sonoranite":1,"minecraft:melon_slice":51,"minecraft:birch_sapling":1,"minecraft:piston":1,"crystalcraft_unlimited_java:sapphire":2,"minecraft:furnace":1,"minecraft:egg":2,"minecraft:dark_oak_door":5,"minecraft:dark_oak_sapling":2,"minecraft:stick":4,"minecraft:raw_iron":42,"various_world:fury_scales":2,"crystalcraft_unlimited_java:raw_iridium":3,"minecraft:oak_fence":1,"minecraft:torch":19,"crystalcraft_unlimited_java:raw_tungsten":4,"crystalcraft_unlimited_java:rare_tanzanite":2,"crystalcraft_unlimited_java:saphire":1,"minecraft:porkchop":8,"crystalcraft_unlimited_java:raw_aluminium":3,"minecraft:diorite":24,"minecraft:redstone":23,"crystalcraft_unlimited_java:amethyst":3,"crystalcraft_unlimited_java:rare_citrine":2,"minecraft:stone_pressure_plate":1,"minecraft:dark_oak_planks":67,"various_world:crystalic_oak_sapling":6,"minecraft:arrow":4,"crystalcraft_unlimited_java:sardonyx":2,"various_world:gneiss":3,"minecraft:pumpkin_pie":2,"minecraft:hay_block":17,"travelersbackpack:chicken":2,"crystalcraft_unlimited_java:peacock_topaz":3,"crystalcraft_unlimited_java:amazonite":2,"minecraft:mutton":19,"minecraft:white_wool":9,"minecraft:cobblestone":400,"crystalcraft_unlimited_java:raw_lead":18,"crystalcraft_unlimited_java:flourite_shovel":1,"various_world:crystalic_oak_wood":1,"crystalcraft_unlimited_java:black_opal":1,"minecraft:muddy_mangrove_roots":2,"crystalcraft_unlimited_java:ametrine":4,"minecraft:feather":9,"minecraft:iron_door":3,"crystalcraft_unlimited_java:raw_chrome":1,"minecraft:andesite":67,"minecraft:leather":10,"minecraft:potato":3,"crystalcraft_unlimited_java:iris_agate":1,"minecraft:oak_log":144,"crystalcraft_unlimited_java:smoky_quartz":1,"minecraft:yellow_bed":1,"minecraft:gunpowder":3,"crystalcraft_unlimited_java:matizium":4,"minecraft:lapis_lazuli":6,"minecraft:dirt":2,"minecraft:lantern":1,"crystalcraft_unlimited_java:grandidierite":8,"minecraft:cooked_mutton":1,"crystalcraft_unlimited_java:rare_amethyst":2,"crystalcraft_unlimited_java:aquamarine":2,"crystalcraft_unlimited_java:topaz":1,"minecraft:kelp":1,"various_world:crystalic_oak_planks":2,"minecraft:wheat_seeds":35,"minecraft:raw_gold":13,"minecraft:stone_pickaxe":1,"crystalcraft_unlimited_java:pink_ruby":1,"simplefarming:blueberry_bush":3,"crystalcraft_unlimited_java:cyan_emerald":2,"minecraft:glowstone_dust":3,"minecraft:bamboo":2,"crystalcraft_unlimited_java:chalcanthite":1,"crystalcraft_unlimited_java:chrysolite":5,"minecraft:oak_planks":9,"crystalcraft_unlimited_java:stibnite":8,"various_world:crystalic_oak_log":30,"minecraft:book":51,"hmag:soul_powder":2,"crystalcraft_unlimited_java:indigolite":1,"crystalcraft_unlimited_java:raw_silver":8,"simplefarming:blueberries":9,"crystalcraft_unlimited_java:onyx":3,"crystalcraft_unlimited_java:prism":2,"minecraft:sand":421,"crystalcraft_unlimited_java:peacock_ore":1,"crystalcraft_unlimited_java:ammolite":8,"minecraft:white_bed":2,"crystalcraft_unlimited_java:uranium":1,"crystalcraft_unlimited_java:raspberry_diamond":2,"minecraft:dark_oak_log":32,"minecraft:mossy_cobblestone":14,"crystalcraft_unlimited_java:rose_quartz":1,"minecraft:soul_lantern":1,"minecraft:granite":19,"crystalcraft_unlimited_java:raw_magnesium":10,"minecraft:gray_wool":1,"minecraft:emerald":1,"mowziesmobs:umvuthana_mask_fear":1,"minecraft:oak_sapling":7,"minecraft:black_wool":1,"minecraft:dark_oak_fence":1,"minecraft:coal":99},"minecraft:used":{"minecraft:iron_shovel":423,"minecraft:stone_sword":43,"minecraft:stone_shovel":94,"minecraft:chest":6,"minecraft:torch":153,"simplefarming:blueberries":3,"minecraft:dark_oak_planks":81,"minecraft:glass":173,"minecraft:wooden_axe":51,"minecraft:hay_block":4,"minecraft:furnace":4,"minecraft:cooked_mutton":7,"minecraft:cooked_beef":2,"minecraft:egg":2,"crystalcraft_unlimited_java:matizium_sword":70,"minecraft:stone_pickaxe":453,"minecraft:oak_planks":327,"various_world:crystalic_grass":33,"minecraft:wooden_pickaxe":41,"crystalcraft_unlimited_java:iridium_pickaxe":418,"minecraft:sand":1,"minecraft:white_bed":3,"minecraft:crafting_table":4,"minecraft:dark_oak_door":7,"travelersbackpack:chicken":9,"minecraft:piston":1,"minecraft:flower_pot":1,"various_world:disenchant_table":2,"various_world:crystalic_oak_planks":2,"minecraft:string":1,"minecraft:dark_oak_log":3,"minecraft:iron_pickaxe":162,"minecraft:bread":21,"minecraft:stone_axe":345,"minecraft:cobblestone":60,"minecraft:cooked_porkchop":1,"minecraft:yellow_bed":1,"minecraft:experience_bottle":16},"minecraft:crafted":{"minecraft:oak_planks":508,"minecraft:stone_shovel":1,"minecraft:iron_nugget":9,"minecraft:dark_oak_wood":3,"minecraft:furnace":3,"minecraft:cooked_mutton":18,"minecraft:glass":184,"minecraft:dark_oak_door":3,"minecraft:iron_boots":1,"crystalcraft_unlimited_java:matizium_sword":1,"minecraft:stone_pickaxe":6,"minecraft:chest":8,"crystalcraft_unlimited_java:stibnite_armor_chestplate":1,"minecraft:dark_oak_planks":112,"minecraft:wheat":63,"minecraft:cooked_beef":5,"crystalcraft_unlimited_java:iridium":3,"paraglider:paraglider":1,"minecraft:cooked_porkchop":8,"minecraft:crafting_table":1,"minecraft:wooden_pickaxe":1,"minecraft:stone_axe":4,"minecraft:bread":21,"minecraft:air":0,"minecraft:stick":88,"crystalcraft_unlimited_java:iron_stick":3,"minecraft:iron_ingot":16,"minecraft:wooden_axe":1,"minecraft:stone_sword":1,"minecraft:iron_shovel":2,"various_world:crystalic_oak_planks":96,"minecraft:iron_leggings":1,"minecraft:white_bed":1,"minecraft:torch":168,"crystalcraft_unlimited_java:iridium_pickaxe":1},"minecraft:broken":{"minecraft:iron_shovel":1,"minecraft:stone_pickaxe":2,"minecraft:stone_axe":2,"minecraft:wooden_axe":1},"minecraft:dropped":{"crystalcraft_unlimited_java:raw_silicon":1,"minecraft:cobblestone":76,"minecraft:granite":17,"minecraft:diorite":2,"minecraft:iron_door":2,"various_world:crystalic_oak_door":1,"minecraft:andesite":63,"minecraft:bamboo":2,"minecraft:stone_pickaxe":1}},"DataVersion":3465}