{"stats":{"minecraft:killed":{"mowziesmobs:umvuthi":1,"mowziesmobs:foliaath":1,"mowziesmobs:umvuthana_crane":24},"minecraft:custom":{"minecraft:time_since_rest":15468,"minecraft:sprint_one_cm":32008,"minecraft:play_time":27286,"minecraft:deaths":2,"minecraft:damage_taken":524,"minecraft:walk_one_cm":23741,"minecraft:mob_kills":26,"minecraft:drop":10,"minecraft:jump":186,"minecraft:damage_dealt":6934,"minecraft:leave_game":2,"minecraft:time_since_death":15430,"minecraft:enchant_item":1,"minecraft:total_world_time":27286,"minecraft:fall_one_cm":2893,"minecraft:fly_one_cm":217681},"minecraft:mined":{"minecraft:pink_petals":1,"minecraft:grass":9},"minecraft:dropped":{"minecraft:wheat_seeds":1,"mowziesmobs:captured_grottol":1,"minecraft:pink_petals":7,"minecraft:feather":8},"minecraft:killed_by":{"minecraft:skeleton":1,"minecraft:zombie":1},"minecraft:picked_up":{"mowziesmobs:umvuthana_mask_faith":3,"minecraft:pink_petals":7,"minecraft:feather":24,"mowziesmobs:captured_grottol":1,"minecraft:rotten_flesh":2,"mowziesmobs:sol_visage":1,"minecraft:wheat_seeds":1,"crystalcraft_unlimited_java:dragon_scale_sword":1},"minecraft:used":{"mowziesmobs:foliaath_spawn_egg":1,"minecraft:bookshelf":26,"mowziesmobs:lantern_spawn_egg":1,"crystalcraft_unlimited_java:dragon_scale_sword":72,"minecraft:experience_bottle":57,"enchantinginfuser:advanced_enchanting_infuser":1,"weaponmaster:workstation":1,"mowziesmobs:captured_grottol":1,"mowziesmobs:umvuthi_spawn_egg":1,"mowziesmobs:wrought_helmet":1}},"DataVersion":3465}